"id","date","day_week","time","gender","age","position","item","sales","temp","campaign"
1,"2026/04/01","Wed","12:46","male",21,"student","rice",480,22.1,1
2,"2026/04/01","Wed","10:32","male",23,"student","rice",450,22.1,1
3,"2026/04/01","Wed","11:49","male",21,"student","rice",420,22.1,1
4,"2026/04/01","Wed","13:30","female",18,"student","set",400,22.1,1
5,"2026/04/01","Wed","17:55","female",22,"student","set",380,22.1,1
6,"2026/04/01","Wed","13:48","male",20,"student","set",450,22.1,1
7,"2026/04/01","Wed","17:26","male",25,"staff","rice",500,22.1,1
8,"2026/04/01","Wed","16:55","male",21,"student","set",450,22.1,1
9,"2026/04/01","Wed","11:24","male",22,"student","rice",410,22.1,1
10,"2026/04/01","Wed","12:30","male",23,"student","set",450,22.1,1
11,"2026/04/01","Wed","10:30","male",19,"student","set",460,22.1,1
12,"2026/04/01","Wed","17:22","male",18,"student","set",420,22.1,1
13,"2026/04/01","Wed","12:47","male",22,"student","set",460,22.1,1
14,"2026/04/01","Wed","13:37","male",21,"student","rice",430,22.1,1
15,"2026/04/01","Wed","12:16","male",19,"student","rice",420,22.1,1
16,"2026/04/01","Wed","10:47","male",25,"staff","rice",500,22.1,1
17,"2026/04/01","Wed","17:59","male",26,"staff","rice",410,22.1,1
18,"2026/04/01","Wed","12:42","male",24,"student","rice",440,22.1,1
19,"2026/04/01","Wed","14:22","male",24,"student","rice",460,22.1,1
20,"2026/04/01","Wed","11:22","male",26,"staff","set",470,22.1,1
21,"2026/04/01","Wed","16:47","male",22,"student","set",430,22.1,1
22,"2026/04/01","Wed","15:39","male",24,"student","set",450,22.1,1
23,"2026/04/01","Wed","13:15","female",20,"student","rice",430,22.1,1
24,"2026/04/01","Wed","11:16","male",25,"staff","rice",480,22.1,1
25,"2026/04/01","Wed","12:50","male",19,"student","rice",460,22.1,1
26,"2026/04/02","Thu","15:27","male",22,"student","noodle",440,18.3,0
27,"2026/04/02","Thu","13:41","male",20,"student","noodle",410,18.3,0
28,"2026/04/02","Thu","17:35","male",21,"student","set",460,18.3,0
29,"2026/04/02","Thu","12:14","male",23,"student","noodle",380,18.3,0
30,"2026/04/02","Thu","17:36","female",19,"student","noodle",400,18.3,0
31,"2026/04/02","Thu","14:40","female",19,"student","noodle",430,18.3,0
32,"2026/04/02","Thu","13:33","female",19,"student","noodle",380,18.3,0
33,"2026/04/02","Thu","15:57","male",22,"student","noodle",470,18.3,0
34,"2026/04/02","Thu","12:45","male",23,"student","noodle",450,18.3,0
35,"2026/04/02","Thu","15:10","female",20,"student","rice",400,18.3,0
36,"2026/04/02","Thu","12:14","male",22,"student","noodle",400,18.3,0
37,"2026/04/02","Thu","16:48","male",19,"student","set",430,18.3,0
38,"2026/04/02","Thu","13:33","male",21,"student","noodle",450,18.3,0
39,"2026/04/02","Thu","12:12","male",22,"student","noodle",430,18.3,0
40,"2026/04/02","Thu","12:25","male",23,"student","set",390,18.3,0
41,"2026/04/02","Thu","12:00","female",22,"student","set",440,18.3,0
42,"2026/04/02","Thu","16:24","female",23,"student","rice",380,18.3,0
43,"2026/04/02","Thu","12:06","male",19,"student","noodle",390,18.3,0
44,"2026/04/02","Thu","12:18","male",24,"student","noodle",430,18.3,0
45,"2026/04/02","Thu","16:58","male",18,"student","rice",400,18.3,0
46,"2026/04/02","Thu","10:09","male",21,"student","rice",410,18.3,0
47,"2026/04/02","Thu","12:31","male",20,"student","noodle",450,18.3,0
48,"2026/04/02","Thu","11:43","male",27,"staff","noodle",430,18.3,0
49,"2026/04/02","Thu","16:07","male",22,"student","noodle",470,18.3,0
50,"2026/04/02","Thu","15:59","male",21,"student","noodle",430,18.3,0
51,"2026/04/02","Thu","17:47","female",28,"staff","noodle",440,18.3,0
52,"2026/04/03","Fri","16:07","male",26,"staff","noodle",480,13.9,0
53,"2026/04/03","Fri","10:54","male",19,"student","noodle",530,13.9,0
54,"2026/04/03","Fri","14:13","male",20,"student","noodle",520,13.9,0
55,"2026/04/03","Fri","16:08","male",21,"student","noodle",460,13.9,0
56,"2026/04/03","Fri","14:25","male",21,"student","noodle",480,13.9,0
57,"2026/04/03","Fri","12:08","male",22,"student","noodle",480,13.9,0
58,"2026/04/03","Fri","10:44","female",24,"student","noodle",490,13.9,0
59,"2026/04/03","Fri","17:29","female",22,"student","noodle",450,13.9,0
60,"2026/04/03","Fri","14:02","male",20,"student","noodle",440,13.9,0
61,"2026/04/03","Fri","10:39","male",19,"student","noodle",490,13.9,0
62,"2026/04/03","Fri","15:49","male",20,"student","noodle",510,13.9,0
63,"2026/04/03","Fri","10:06","female",19,"student","noodle",380,13.9,0
64,"2026/04/03","Fri","17:58","female",21,"student","noodle",450,13.9,0
65,"2026/04/03","Fri","12:49","male",20,"student","noodle",470,13.9,0
66,"2026/04/03","Fri","12:37","male",20,"student","noodle",470,13.9,0
67,"2026/04/03","Fri","12:34","male",19,"student","noodle",460,13.9,0
68,"2026/04/03","Fri","16:21","male",20,"student","noodle",470,13.9,0
69,"2026/04/03","Fri","15:43","male",19,"student","noodle",440,13.9,0
70,"2026/04/03","Fri","12:11","female",21,"student","noodle",450,13.9,0
71,"2026/04/03","Fri","13:26","female",25,"staff","noodle",440,13.9,0
72,"2026/04/03","Fri","12:14","male",24,"student","noodle",500,13.9,0
73,"2026/04/03","Fri","15:08","female",22,"student","noodle",440,13.9,0
74,"2026/04/03","Fri","14:50","male",20,"student","noodle",460,13.9,0
75,"2026/04/03","Fri","16:15","female",20,"student","noodle",450,13.9,0
76,"2026/04/03","Fri","17:15","male",21,"student","noodle",460,13.9,0
77,"2026/04/03","Fri","12:30","male",24,"student","noodle",490,13.9,0
78,"2026/04/03","Fri","16:42","male",23,"student","noodle",480,13.9,0
79,"2026/04/03","Fri","17:51","female",22,"student","noodle",480,13.9,0
80,"2026/04/03","Fri","17:03","male",20,"student","noodle",500,13.9,0
81,"2026/04/04","Sat","15:03","male",20,"student","noodle",490,15.2,0
82,"2026/04/04","Sat","12:59","male",26,"staff","noodle",450,15.2,0
83,"2026/04/04","Sat","16:24","female",27,"staff","noodle",400,15.2,0
84,"2026/04/04","Sat","15:11","male",19,"student","noodle",480,15.2,0
85,"2026/04/04","Sat","12:28","male",19,"student","noodle",490,15.2,0
86,"2026/04/04","Sat","17:27","female",19,"student","noodle",390,15.2,0
87,"2026/04/04","Sat","12:33","female",23,"student","noodle",460,15.2,0
88,"2026/04/04","Sat","12:48","male",29,"staff","noodle",490,15.2,0
89,"2026/04/04","Sat","12:15","male",19,"student","noodle",460,15.2,0
90,"2026/04/04","Sat","15:40","female",19,"student","noodle",400,15.2,0
91,"2026/04/04","Sat","11:35","male",22,"student","noodle",460,15.2,0
92,"2026/04/04","Sat","12:53","female",26,"staff","noodle",440,15.2,0
93,"2026/04/04","Sat","17:06","male",22,"student","noodle",490,15.2,0
94,"2026/04/04","Sat","10:36","male",24,"student","noodle",490,15.2,0
95,"2026/04/04","Sat","10:51","male",21,"student","noodle",500,15.2,0
96,"2026/04/04","Sat","10:35","male",19,"student","noodle",470,15.2,0
97,"2026/04/04","Sat","11:05","male",23,"student","noodle",490,15.2,0
98,"2026/04/04","Sat","15:13","male",19,"student","noodle",470,15.2,0
99,"2026/04/04","Sat","11:44","female",24,"student","noodle",430,15.2,0
100,"2026/04/04","Sat","17:30","female",21,"student","noodle",450,15.2,0
101,"2026/04/04","Sat","12:23","female",19,"student","noodle",480,15.2,0
102,"2026/04/04","Sat","12:11","male",24,"student","noodle",480,15.2,0
103,"2026/04/04","Sat","17:29","female",20,"student","noodle",400,15.2,0
104,"2026/04/04","Sat","14:20","male",23,"student","noodle",460,15.2,0
105,"2026/04/04","Sat","12:26","male",21,"student","noodle",480,15.2,0
106,"2026/04/04","Sat","16:41","male",22,"student","noodle",500,15.2,0
107,"2026/04/04","Sat","12:07","male",21,"student","noodle",510,15.2,0
108,"2026/04/05","Sun","13:48","male",29,"staff","noodle",420,18.1,0
109,"2026/04/05","Sun","14:48","male",22,"student","set",480,18.1,0
110,"2026/04/05","Sun","12:27","male",19,"student","rice",450,18.1,0
111,"2026/04/05","Sun","14:03","male",21,"student","noodle",380,18.1,0
112,"2026/04/05","Sun","12:13","male",22,"student","noodle",490,18.1,0
113,"2026/04/05","Sun","13:00","male",24,"student","noodle",470,18.1,0
114,"2026/04/05","Sun","16:13","female",21,"student","noodle",380,18.1,0
115,"2026/04/05","Sun","17:04","female",21,"student","noodle",420,18.1,0
116,"2026/04/05","Sun","12:04","female",19,"student","noodle",430,18.1,0
117,"2026/04/05","Sun","13:19","male",24,"student","noodle",460,18.1,0
118,"2026/04/05","Sun","15:16","male",23,"student","noodle",500,18.1,0
119,"2026/04/05","Sun","10:53","male",22,"student","rice",460,18.1,0
120,"2026/04/05","Sun","12:34","male",20,"student","rice",400,18.1,0
121,"2026/04/05","Sun","11:47","male",24,"student","noodle",420,18.1,0
122,"2026/04/05","Sun","17:11","male",22,"student","noodle",480,18.1,0
123,"2026/04/05","Sun","15:25","female",22,"student","rice",380,18.1,0
124,"2026/04/05","Sun","12:14","female",26,"staff","noodle",440,18.1,0
125,"2026/04/05","Sun","14:29","female",29,"staff","noodle",420,18.1,0
126,"2026/04/05","Sun","14:43","female",19,"student","rice",360,18.1,0
127,"2026/04/05","Sun","12:31","male",24,"student","noodle",510,18.1,0
128,"2026/04/05","Sun","11:46","female",22,"student","set",400,18.1,0
129,"2026/04/05","Sun","11:46","male",24,"student","noodle",460,18.1,0
130,"2026/04/05","Sun","14:16","male",25,"staff","noodle",450,18.1,0
131,"2026/04/05","Sun","10:51","female",19,"student","noodle",410,18.1,0
132,"2026/04/05","Sun","15:28","male",21,"student","noodle",470,18.1,0
133,"2026/04/05","Sun","14:28","male",20,"student","noodle",440,18.1,0
134,"2026/04/05","Sun","14:17","male",21,"student","noodle",450,18.1,0
135,"2026/04/06","Mon","10:41","male",18,"student","noodle",430,19.6,0
136,"2026/04/06","Mon","16:17","male",21,"student","noodle",460,19.6,0
137,"2026/04/06","Mon","12:21","male",23,"student","noodle",480,19.6,0
138,"2026/04/06","Mon","10:10","male",25,"staff","set",420,19.6,0
139,"2026/04/06","Mon","10:18","female",27,"staff","rice",450,19.6,0
140,"2026/04/06","Mon","15:38","male",22,"student","set",390,19.6,0
141,"2026/04/06","Mon","10:25","male",25,"staff","noodle",440,19.6,0
142,"2026/04/06","Mon","12:20","male",22,"student","noodle",430,19.6,0
143,"2026/04/06","Mon","13:43","male",20,"student","noodle",410,19.6,0
144,"2026/04/06","Mon","12:26","female",22,"student","noodle",420,19.6,0
145,"2026/04/06","Mon","10:29","male",21,"student","set",370,19.6,0
146,"2026/04/06","Mon","11:15","male",24,"student","noodle",430,19.6,0
147,"2026/04/06","Mon","12:59","male",19,"student","set",450,19.6,0
148,"2026/04/06","Mon","15:20","male",23,"student","noodle",450,19.6,0
149,"2026/04/06","Mon","13:42","female",21,"student","noodle",410,19.6,0
150,"2026/04/06","Mon","13:03","male",24,"student","noodle",430,19.6,0
151,"2026/04/06","Mon","14:22","male",20,"student","noodle",390,19.6,0
152,"2026/04/06","Mon","12:51","female",25,"staff","rice",390,19.6,0
153,"2026/04/06","Mon","17:29","male",27,"staff","rice",400,19.6,0
154,"2026/04/06","Mon","10:25","male",19,"student","rice",470,19.6,0
155,"2026/04/06","Mon","11:44","male",20,"student","noodle",390,19.6,0
156,"2026/04/06","Mon","14:40","female",23,"student","set",420,19.6,0
157,"2026/04/06","Mon","12:02","male",23,"student","noodle",460,19.6,0
158,"2026/04/06","Mon","16:36","female",22,"student","rice",350,19.6,0
159,"2026/04/06","Mon","11:47","female",28,"staff","noodle",420,19.6,0
160,"2026/04/06","Mon","11:58","male",21,"student","rice",430,19.6,0
161,"2026/04/06","Mon","12:38","male",19,"student","noodle",400,19.6,0
162,"2026/04/06","Mon","16:04","female",20,"student","set",440,19.6,0
163,"2026/04/06","Mon","12:35","female",20,"student","set",350,19.6,0
164,"2026/04/06","Mon","12:28","male",19,"student","noodle",470,19.6,0
165,"2026/04/06","Mon","16:51","female",19,"student","set",350,19.6,0
166,"2026/04/07","Tue","13:38","male",21,"student","rice",340,22.6,0
167,"2026/04/07","Tue","16:21","male",20,"student","rice",420,22.6,0
168,"2026/04/07","Tue","17:00","male",21,"student","noodle",390,22.6,0
169,"2026/04/07","Tue","12:22","male",22,"student","set",390,22.6,0
170,"2026/04/07","Tue","12:41","male",21,"student","rice",430,22.6,0
171,"2026/04/07","Tue","10:19","male",20,"student","rice",420,22.6,0
172,"2026/04/07","Tue","15:44","male",22,"student","rice",330,22.6,0
173,"2026/04/07","Tue","13:12","male",23,"student","set",390,22.6,0
174,"2026/04/07","Tue","16:29","male",20,"student","rice",360,22.6,0
175,"2026/04/07","Tue","12:29","female",19,"student","rice",400,22.6,0
176,"2026/04/07","Tue","14:35","female",23,"student","set",380,22.6,0
177,"2026/04/07","Tue","12:41","male",20,"student","set",400,22.6,0
178,"2026/04/07","Tue","12:49","female",23,"student","set",350,22.6,0
179,"2026/04/07","Tue","17:41","male",19,"student","rice",360,22.6,0
180,"2026/04/07","Tue","12:56","male",20,"student","rice",400,22.6,0
181,"2026/04/07","Tue","16:35","male",21,"student","set",470,22.6,0
182,"2026/04/07","Tue","12:57","male",20,"student","rice",400,22.6,0
183,"2026/04/07","Tue","16:01","male",19,"student","set",380,22.6,0
184,"2026/04/07","Tue","12:56","male",22,"student","rice",400,22.6,0
185,"2026/04/07","Tue","13:37","male",21,"student","rice",390,22.6,0
186,"2026/04/07","Tue","12:30","female",23,"student","set",410,22.6,0
187,"2026/04/07","Tue","16:50","male",27,"staff","set",350,22.6,0
188,"2026/04/07","Tue","12:50","female",20,"student","rice",340,22.6,0
189,"2026/04/07","Tue","12:03","male",21,"student","set",390,22.6,0
190,"2026/04/07","Tue","11:52","female",25,"staff","rice",430,22.6,0
191,"2026/04/07","Tue","12:29","male",20,"student","set",320,22.6,0
192,"2026/04/07","Tue","12:22","male",21,"student","rice",400,22.6,0
193,"2026/04/07","Tue","11:03","female",22,"student","rice",400,22.6,0
194,"2026/04/07","Tue","12:47","male",25,"staff","rice",330,22.6,0
195,"2026/04/07","Tue","14:55","female",21,"student","rice",360,22.6,0
196,"2026/04/07","Tue","12:07","male",22,"student","set",350,22.6,0
197,"2026/04/07","Tue","12:22","male",21,"student","set",410,22.6,0
198,"2026/04/07","Tue","10:23","female",24,"student","rice",330,22.6,0
199,"2026/04/07","Tue","12:06","female",20,"student","rice",350,22.6,0
200,"2026/04/07","Tue","15:38","male",22,"student","rice",470,22.6,0
201,"2026/04/07","Tue","15:11","male",20,"student","set",410,22.6,0
202,"2026/04/08","Wed","17:34","male",19,"student","noodle",520,14.9,1
203,"2026/04/08","Wed","16:29","male",24,"student","noodle",570,14.9,1
204,"2026/04/08","Wed","14:18","male",32,"staff","noodle",520,14.9,1
205,"2026/04/08","Wed","17:02","male",23,"student","noodle",580,14.9,1
206,"2026/04/08","Wed","12:36","female",29,"staff","noodle",530,14.9,1
207,"2026/04/08","Wed","16:46","female",27,"staff","noodle",530,14.9,1
208,"2026/04/08","Wed","15:15","female",19,"student","noodle",430,14.9,1
209,"2026/04/08","Wed","17:05","female",20,"student","noodle",510,14.9,1
210,"2026/04/08","Wed","11:33","male",19,"student","noodle",510,14.9,1
211,"2026/04/08","Wed","14:53","male",18,"student","noodle",530,14.9,1
212,"2026/04/08","Wed","11:33","male",24,"student","noodle",540,14.9,1
213,"2026/04/08","Wed","17:16","male",20,"student","noodle",560,14.9,1
214,"2026/04/08","Wed","10:38","female",24,"student","noodle",470,14.9,1
215,"2026/04/08","Wed","14:09","male",19,"student","noodle",520,14.9,1
216,"2026/04/08","Wed","16:36","female",21,"student","noodle",510,14.9,1
217,"2026/04/08","Wed","17:28","male",26,"staff","noodle",520,14.9,1
218,"2026/04/08","Wed","16:47","male",19,"student","noodle",510,14.9,1
219,"2026/04/08","Wed","10:38","male",19,"student","noodle",490,14.9,1
220,"2026/04/08","Wed","12:53","male",20,"student","noodle",510,14.9,1
221,"2026/04/08","Wed","12:14","male",29,"staff","noodle",540,14.9,1
222,"2026/04/08","Wed","14:37","male",22,"student","noodle",490,14.9,1
223,"2026/04/08","Wed","17:41","female",22,"student","noodle",500,14.9,1
224,"2026/04/08","Wed","10:54","female",24,"student","noodle",490,14.9,1
225,"2026/04/08","Wed","15:37","male",20,"student","noodle",510,14.9,1
226,"2026/04/08","Wed","13:19","male",21,"student","noodle",570,14.9,1
227,"2026/04/08","Wed","17:13","male",23,"student","noodle",510,14.9,1
228,"2026/04/08","Wed","16:48","male",21,"student","noodle",550,14.9,1
229,"2026/04/08","Wed","14:58","female",20,"student","noodle",460,14.9,1
230,"2026/04/08","Wed","10:11","female",20,"student","noodle",520,14.9,1
231,"2026/04/08","Wed","16:07","male",23,"student","noodle",510,14.9,1
232,"2026/04/08","Wed","12:53","female",22,"student","noodle",440,14.9,1
233,"2026/04/08","Wed","12:56","male",22,"student","noodle",540,14.9,1
234,"2026/04/08","Wed","12:24","male",21,"student","noodle",550,14.9,1
235,"2026/04/08","Wed","14:42","female",26,"staff","noodle",510,14.9,1
236,"2026/04/08","Wed","14:44","female",21,"student","noodle",490,14.9,1
237,"2026/04/08","Wed","14:35","male",20,"student","noodle",560,14.9,1
238,"2026/04/08","Wed","14:56","male",21,"student","noodle",570,14.9,1
239,"2026/04/08","Wed","17:39","male",19,"student","noodle",450,14.9,1
240,"2026/04/08","Wed","15:30","female",20,"student","noodle",520,14.9,1
241,"2026/04/09","Thu","12:45","male",21,"student","noodle",520,17.1,0
242,"2026/04/09","Thu","15:19","male",20,"student","noodle",450,17.1,0
243,"2026/04/09","Thu","13:08","female",20,"student","noodle",380,17.1,0
244,"2026/04/09","Thu","11:45","male",21,"student","noodle",470,17.1,0
245,"2026/04/09","Thu","15:46","male",21,"student","noodle",430,17.1,0
246,"2026/04/09","Thu","15:03","male",20,"student","noodle",440,17.1,0
247,"2026/04/09","Thu","11:54","male",22,"student","noodle",440,17.1,0
248,"2026/04/09","Thu","13:12","male",22,"student","noodle",440,17.1,0
249,"2026/04/09","Thu","13:46","female",19,"student","noodle",430,17.1,0
250,"2026/04/09","Thu","16:00","female",24,"student","noodle",440,17.1,0
251,"2026/04/09","Thu","12:21","female",20,"student","noodle",430,17.1,0
252,"2026/04/09","Thu","15:50","male",24,"student","noodle",480,17.1,0
253,"2026/04/09","Thu","12:20","male",20,"student","noodle",460,17.1,0
254,"2026/04/09","Thu","11:33","male",22,"student","noodle",470,17.1,0
255,"2026/04/09","Thu","13:38","male",22,"student","noodle",430,17.1,0
256,"2026/04/09","Thu","16:56","male",20,"student","noodle",460,17.1,0
257,"2026/04/09","Thu","14:43","male",23,"student","noodle",470,17.1,0
258,"2026/04/09","Thu","12:45","male",21,"student","noodle",430,17.1,0
259,"2026/04/09","Thu","12:44","male",21,"student","noodle",470,17.1,0
260,"2026/04/09","Thu","12:50","male",20,"student","noodle",450,17.1,0
261,"2026/04/09","Thu","17:37","male",20,"student","noodle",450,17.1,0
262,"2026/04/09","Thu","13:38","female",23,"student","noodle",390,17.1,0
263,"2026/04/09","Thu","10:10","male",21,"student","noodle",450,17.1,0
264,"2026/04/09","Thu","10:21","male",20,"student","noodle",430,17.1,0
265,"2026/04/09","Thu","17:31","male",22,"student","noodle",480,17.1,0
266,"2026/04/09","Thu","16:13","male",21,"student","noodle",460,17.1,0
267,"2026/04/09","Thu","12:06","male",24,"student","noodle",460,17.1,0
268,"2026/04/09","Thu","10:23","male",21,"student","noodle",490,17.1,0
269,"2026/04/10","Fri","12:26","female",20,"student","noodle",390,16.7,0
270,"2026/04/10","Fri","16:42","male",24,"student","noodle",440,16.7,0
271,"2026/04/10","Fri","17:39","male",21,"student","noodle",460,16.7,0
272,"2026/04/10","Fri","12:41","male",22,"student","noodle",460,16.7,0
273,"2026/04/10","Fri","14:27","male",30,"staff","noodle",460,16.7,0
274,"2026/04/10","Fri","12:04","male",23,"student","noodle",490,16.7,0
275,"2026/04/10","Fri","12:11","male",19,"student","noodle",440,16.7,0
276,"2026/04/10","Fri","11:16","female",19,"student","noodle",450,16.7,0
277,"2026/04/10","Fri","14:18","female",21,"student","noodle",400,16.7,0
278,"2026/04/10","Fri","12:16","female",19,"student","noodle",450,16.7,0
279,"2026/04/10","Fri","18:00","male",21,"student","noodle",390,16.7,0
280,"2026/04/10","Fri","13:31","male",26,"staff","rice",440,16.7,0
281,"2026/04/10","Fri","10:56","male",19,"student","noodle",440,16.7,0
282,"2026/04/10","Fri","12:34","female",19,"student","noodle",420,16.7,0
283,"2026/04/10","Fri","12:53","female",23,"student","noodle",410,16.7,0
284,"2026/04/10","Fri","17:50","male",22,"student","noodle",460,16.7,0
285,"2026/04/10","Fri","16:02","female",20,"student","noodle",460,16.7,0
286,"2026/04/10","Fri","12:51","male",21,"student","rice",390,16.7,0
287,"2026/04/10","Fri","12:26","male",22,"student","noodle",490,16.7,0
288,"2026/04/10","Fri","11:00","female",21,"student","noodle",450,16.7,0
289,"2026/04/10","Fri","10:09","male",24,"student","noodle",500,16.7,0
290,"2026/04/10","Fri","17:24","female",21,"student","noodle",410,16.7,0
291,"2026/04/10","Fri","12:04","male",24,"student","noodle",420,16.7,0
292,"2026/04/10","Fri","13:52","male",35,"staff","noodle",490,16.7,0
293,"2026/04/10","Fri","17:12","female",22,"student","noodle",450,16.7,0
294,"2026/04/10","Fri","12:21","male",19,"student","noodle",510,16.7,0
295,"2026/04/10","Fri","14:36","male",19,"student","noodle",480,16.7,0
296,"2026/04/10","Fri","10:15","female",22,"student","noodle",510,16.7,0
297,"2026/04/10","Fri","12:17","female",23,"student","noodle",460,16.7,0
298,"2026/04/10","Fri","15:55","female",20,"student","noodle",430,16.7,0
299,"2026/04/10","Fri","14:16","male",20,"student","noodle",390,16.7,0
300,"2026/04/10","Fri","11:12","female",22,"student","noodle",420,16.7,0
301,"2026/04/10","Fri","11:13","female",22,"student","noodle",460,16.7,0
302,"2026/04/10","Fri","12:06","female",19,"student","noodle",410,16.7,0
303,"2026/04/10","Fri","17:16","male",31,"staff","noodle",450,16.7,0
304,"2026/04/10","Fri","12:24","female",24,"student","noodle",380,16.7,0
305,"2026/04/10","Fri","16:28","female",22,"student","noodle",450,16.7,0
306,"2026/04/10","Fri","12:22","male",19,"student","noodle",480,16.7,0
307,"2026/04/10","Fri","14:18","female",20,"student","noodle",460,16.7,0
308,"2026/04/10","Fri","14:40","male",21,"student","noodle",460,16.7,0
309,"2026/04/10","Fri","12:50","female",24,"student","noodle",420,16.7,0
310,"2026/04/10","Fri","13:12","male",20,"student","noodle",450,16.7,0
311,"2026/04/10","Fri","10:47","male",20,"student","noodle",480,16.7,0
312,"2026/04/11","Sat","15:30","male",23,"student","noodle",390,21.1,0
313,"2026/04/11","Sat","12:33","female",23,"student","rice",350,21.1,0
314,"2026/04/11","Sat","17:50","female",20,"student","set",350,21.1,0
315,"2026/04/11","Sat","15:36","male",19,"student","rice",420,21.1,0
316,"2026/04/11","Sat","12:13","female",21,"student","noodle",390,21.1,0
317,"2026/04/11","Sat","11:39","male",23,"student","set",400,21.1,0
318,"2026/04/11","Sat","10:25","female",19,"student","rice",410,21.1,0
319,"2026/04/11","Sat","11:24","male",21,"student","noodle",430,21.1,0
320,"2026/04/11","Sat","14:27","female",20,"student","noodle",420,21.1,0
321,"2026/04/11","Sat","14:09","female",25,"staff","rice",370,21.1,0
322,"2026/04/11","Sat","12:50","female",21,"student","set",410,21.1,0
323,"2026/04/11","Sat","12:39","female",25,"staff","rice",440,21.1,0
324,"2026/04/11","Sat","12:51","male",22,"student","set",400,21.1,0
325,"2026/04/11","Sat","13:07","female",24,"student","set",350,21.1,0
326,"2026/04/11","Sat","14:52","male",19,"student","set",440,21.1,0
327,"2026/04/11","Sat","12:30","male",23,"student","rice",390,21.1,0
328,"2026/04/11","Sat","12:28","male",19,"student","set",440,21.1,0
329,"2026/04/11","Sat","17:15","male",22,"student","set",400,21.1,0
330,"2026/04/11","Sat","10:56","female",22,"student","rice",390,21.1,0
331,"2026/04/11","Sat","12:08","female",21,"student","rice",340,21.1,0
332,"2026/04/11","Sat","17:40","male",19,"student","set",400,21.1,0
333,"2026/04/11","Sat","12:45","male",22,"student","set",400,21.1,0
334,"2026/04/11","Sat","14:15","male",23,"student","set",440,21.1,0
335,"2026/04/11","Sat","12:31","female",21,"student","set",360,21.1,0
336,"2026/04/11","Sat","17:46","male",24,"student","rice",360,21.1,0
337,"2026/04/11","Sat","13:15","male",24,"student","noodle",430,21.1,0
338,"2026/04/11","Sat","14:14","male",21,"student","set",420,21.1,0
339,"2026/04/11","Sat","16:52","male",28,"staff","set",420,21.1,0
340,"2026/04/11","Sat","13:54","male",19,"student","rice",410,21.1,0
341,"2026/04/12","Sun","12:11","male",21,"student","set",370,23.5,0
342,"2026/04/12","Sun","13:55","male",23,"student","set",380,23.5,0
343,"2026/04/12","Sun","12:48","male",19,"student","rice",410,23.5,0
344,"2026/04/12","Sun","17:53","female",20,"student","set",320,23.5,0
345,"2026/04/12","Sun","13:55","female",21,"student","rice",390,23.5,0
346,"2026/04/12","Sun","13:55","female",19,"student","rice",370,23.5,0
347,"2026/04/12","Sun","14:17","female",21,"student","rice",360,23.5,0
348,"2026/04/12","Sun","12:24","male",21,"student","rice",380,23.5,0
349,"2026/04/12","Sun","12:28","male",19,"student","set",380,23.5,0
350,"2026/04/12","Sun","10:26","female",20,"student","rice",400,23.5,0
351,"2026/04/12","Sun","12:24","female",25,"staff","rice",360,23.5,0
352,"2026/04/12","Sun","11:56","female",21,"student","rice",420,23.5,0
353,"2026/04/12","Sun","16:37","female",21,"student","set",370,23.5,0
354,"2026/04/12","Sun","17:33","male",19,"student","set",390,23.5,0
355,"2026/04/12","Sun","16:13","female",23,"student","set",360,23.5,0
356,"2026/04/12","Sun","12:52","male",20,"student","rice",360,23.5,0
357,"2026/04/12","Sun","10:40","male",22,"student","set",400,23.5,0
358,"2026/04/12","Sun","16:47","female",21,"student","rice",350,23.5,0
359,"2026/04/12","Sun","12:24","female",22,"student","rice",360,23.5,0
360,"2026/04/12","Sun","10:07","male",19,"student","rice",340,23.5,0
361,"2026/04/12","Sun","12:06","male",25,"staff","set",410,23.5,0
362,"2026/04/12","Sun","12:22","male",19,"student","set",380,23.5,0
363,"2026/04/12","Sun","13:58","male",19,"student","rice",380,23.5,0
364,"2026/04/12","Sun","15:01","female",23,"student","set",380,23.5,0
365,"2026/04/12","Sun","12:08","male",24,"student","rice",410,23.5,0
366,"2026/04/12","Sun","17:13","female",23,"student","rice",370,23.5,0
367,"2026/04/12","Sun","10:24","male",27,"staff","set",470,23.5,0
368,"2026/04/13","Mon","16:08","male",24,"student","set",410,22.5,0
369,"2026/04/13","Mon","12:16","male",29,"staff","set",400,22.5,0
370,"2026/04/13","Mon","15:21","male",19,"student","set",400,22.5,0
371,"2026/04/13","Mon","12:53","female",22,"student","rice",380,22.5,0
372,"2026/04/13","Mon","15:47","male",20,"student","rice",350,22.5,0
373,"2026/04/13","Mon","12:19","male",20,"student","set",410,22.5,0
374,"2026/04/13","Mon","17:30","female",18,"student","rice",380,22.5,0
375,"2026/04/13","Mon","13:48","female",21,"student","rice",420,22.5,0
376,"2026/04/13","Mon","11:45","male",20,"student","rice",430,22.5,0
377,"2026/04/13","Mon","16:44","female",20,"student","set",370,22.5,0
378,"2026/04/13","Mon","15:47","male",23,"student","set",330,22.5,0
379,"2026/04/13","Mon","12:09","male",19,"student","set",380,22.5,0
380,"2026/04/13","Mon","11:06","male",24,"student","set",430,22.5,0
381,"2026/04/13","Mon","10:24","female",25,"staff","set",400,22.5,0
382,"2026/04/13","Mon","11:19","male",21,"student","set",410,22.5,0
383,"2026/04/13","Mon","15:35","male",21,"student","rice",380,22.5,0
384,"2026/04/13","Mon","15:36","male",19,"student","rice",390,22.5,0
385,"2026/04/13","Mon","16:45","male",24,"student","rice",430,22.5,0
386,"2026/04/13","Mon","17:11","male",26,"staff","rice",360,22.5,0
387,"2026/04/13","Mon","11:50","female",24,"student","noodle",320,22.5,0
388,"2026/04/13","Mon","10:09","male",22,"student","set",390,22.5,0
389,"2026/04/13","Mon","12:26","female",19,"student","set",350,22.5,0
390,"2026/04/13","Mon","11:39","male",30,"staff","rice",440,22.5,0
391,"2026/04/13","Mon","15:06","male",19,"student","rice",400,22.5,0
392,"2026/04/13","Mon","12:42","female",20,"student","rice",390,22.5,0
393,"2026/04/13","Mon","11:32","male",25,"staff","rice",470,22.5,0
394,"2026/04/13","Mon","10:46","female",22,"student","set",370,22.5,0
395,"2026/04/14","Tue","12:24","female",22,"student","noodle",410,20.8,0
396,"2026/04/14","Tue","11:12","male",30,"staff","set",410,20.8,0
397,"2026/04/14","Tue","13:45","female",20,"student","noodle",420,20.8,0
398,"2026/04/14","Tue","10:35","male",22,"student","set",420,20.8,0
399,"2026/04/14","Tue","11:35","female",22,"student","rice",340,20.8,0
400,"2026/04/14","Tue","12:45","male",19,"student","noodle",400,20.8,0
401,"2026/04/14","Tue","12:29","male",23,"student","set",410,20.8,0
402,"2026/04/14","Tue","15:35","male",19,"student","set",450,20.8,0
403,"2026/04/14","Tue","15:36","male",21,"student","rice",380,20.8,0
404,"2026/04/14","Tue","14:23","male",22,"student","set",440,20.8,0
405,"2026/04/14","Tue","12:32","male",19,"student","set",390,20.8,0
406,"2026/04/14","Tue","15:10","male",20,"student","set",480,20.8,0
407,"2026/04/14","Tue","12:05","male",22,"student","set",390,20.8,0
408,"2026/04/14","Tue","13:23","male",18,"student","noodle",420,20.8,0
409,"2026/04/14","Tue","12:52","male",20,"student","rice",390,20.8,0
410,"2026/04/14","Tue","13:03","male",24,"student","rice",410,20.8,0
411,"2026/04/14","Tue","12:40","female",19,"student","rice",310,20.8,0
412,"2026/04/14","Tue","11:20","male",23,"student","noodle",410,20.8,0
413,"2026/04/14","Tue","13:48","female",26,"staff","set",380,20.8,0
414,"2026/04/14","Tue","12:25","female",23,"student","noodle",390,20.8,0
415,"2026/04/14","Tue","15:49","male",23,"student","rice",420,20.8,0
416,"2026/04/14","Tue","15:07","female",19,"student","rice",380,20.8,0
417,"2026/04/14","Tue","12:42","male",21,"student","set",410,20.8,0
418,"2026/04/14","Tue","12:34","male",20,"student","noodle",420,20.8,0
419,"2026/04/14","Tue","17:01","female",21,"student","set",410,20.8,0
420,"2026/04/14","Tue","13:50","male",20,"student","set",470,20.8,0
421,"2026/04/14","Tue","12:29","male",21,"student","rice",400,20.8,0
422,"2026/04/14","Tue","16:07","male",23,"student","rice",410,20.8,0
423,"2026/04/14","Tue","14:59","female",18,"student","rice",350,20.8,0
424,"2026/04/14","Tue","12:14","female",18,"student","noodle",400,20.8,0
425,"2026/04/15","Wed","12:52","male",19,"student","rice",480,21.8,1
426,"2026/04/15","Wed","12:38","male",20,"student","set",460,21.8,1
427,"2026/04/15","Wed","11:23","female",21,"student","set",470,21.8,1
428,"2026/04/15","Wed","12:07","male",21,"student","rice",510,21.8,1
429,"2026/04/15","Wed","12:02","female",19,"student","rice",390,21.8,1
430,"2026/04/15","Wed","12:53","male",23,"student","rice",430,21.8,1
431,"2026/04/15","Wed","15:40","male",26,"staff","rice",410,21.8,1
432,"2026/04/15","Wed","17:02","male",21,"student","set",430,21.8,1
433,"2026/04/15","Wed","10:28","male",22,"student","set",460,21.8,1
434,"2026/04/15","Wed","15:50","male",23,"student","set",460,21.8,1
435,"2026/04/15","Wed","10:49","male",19,"student","set",460,21.8,1
436,"2026/04/15","Wed","15:25","male",26,"staff","set",430,21.8,1
437,"2026/04/15","Wed","10:09","male",25,"staff","rice",460,21.8,1
438,"2026/04/15","Wed","10:53","male",21,"student","set",450,21.8,1
439,"2026/04/15","Wed","18:00","male",19,"student","set",430,21.8,1
440,"2026/04/15","Wed","12:39","female",23,"student","set",410,21.8,1
441,"2026/04/15","Wed","12:21","male",21,"student","rice",430,21.8,1
442,"2026/04/15","Wed","10:15","male",22,"student","rice",370,21.8,1
443,"2026/04/15","Wed","10:53","female",23,"student","set",450,21.8,1
444,"2026/04/15","Wed","13:39","female",22,"student","set",490,21.8,1
445,"2026/04/15","Wed","17:50","female",24,"student","set",430,21.8,1
446,"2026/04/15","Wed","12:25","male",27,"staff","set",450,21.8,1
447,"2026/04/15","Wed","12:13","male",20,"student","rice",460,21.8,1
448,"2026/04/15","Wed","14:56","male",21,"student","set",420,21.8,1
449,"2026/04/15","Wed","14:44","male",20,"student","rice",470,21.8,1
450,"2026/04/15","Wed","12:49","male",26,"staff","set",410,21.8,1
451,"2026/04/15","Wed","13:56","male",22,"student","noodle",470,21.8,1
452,"2026/04/15","Wed","14:30","female",22,"student","rice",370,21.8,1
453,"2026/04/15","Wed","16:59","male",22,"student","rice",450,21.8,1
454,"2026/04/15","Wed","16:17","female",25,"staff","rice",460,21.8,1
455,"2026/04/15","Wed","10:47","female",21,"student","rice",430,21.8,1
456,"2026/04/16","Thu","12:37","male",23,"student","noodle",440,17.8,0
457,"2026/04/16","Thu","12:09","male",21,"student","noodle",420,17.8,0
458,"2026/04/16","Thu","13:24","female",19,"student","noodle",460,17.8,0
459,"2026/04/16","Thu","12:43","male",22,"student","set",440,17.8,0
460,"2026/04/16","Thu","13:12","male",21,"student","noodle",430,17.8,0
461,"2026/04/16","Thu","10:04","male",19,"student","rice",520,17.8,0
462,"2026/04/16","Thu","11:54","male",26,"staff","set",460,17.8,0
463,"2026/04/16","Thu","14:12","male",22,"student","noodle",450,17.8,0
464,"2026/04/16","Thu","17:45","female",21,"student","set",470,17.8,0
465,"2026/04/16","Thu","17:19","male",20,"student","rice",480,17.8,0
466,"2026/04/16","Thu","14:02","male",25,"staff","noodle",470,17.8,0
467,"2026/04/16","Thu","11:05","male",19,"student","noodle",480,17.8,0
468,"2026/04/16","Thu","15:17","male",20,"student","noodle",490,17.8,0
469,"2026/04/16","Thu","13:14","female",20,"student","noodle",450,17.8,0
470,"2026/04/16","Thu","13:32","male",20,"student","noodle",420,17.8,0
471,"2026/04/16","Thu","15:23","male",22,"student","noodle",450,17.8,0
472,"2026/04/16","Thu","12:13","female",20,"student","rice",420,17.8,0
473,"2026/04/16","Thu","11:15","female",29,"staff","noodle",390,17.8,0
474,"2026/04/16","Thu","13:53","male",23,"student","noodle",460,17.8,0
475,"2026/04/16","Thu","13:32","male",21,"student","noodle",460,17.8,0
476,"2026/04/16","Thu","11:53","female",24,"student","noodle",430,17.8,0
477,"2026/04/16","Thu","15:53","male",19,"student","noodle",460,17.8,0
478,"2026/04/16","Thu","15:45","male",25,"staff","noodle",440,17.8,0
479,"2026/04/16","Thu","13:26","male",19,"student","rice",400,17.8,0
480,"2026/04/16","Thu","16:46","male",22,"student","set",410,17.8,0
481,"2026/04/16","Thu","15:37","male",20,"student","noodle",470,17.8,0
482,"2026/04/16","Thu","17:17","male",25,"staff","noodle",440,17.8,0
483,"2026/04/16","Thu","13:53","male",22,"student","noodle",410,17.8,0
484,"2026/04/17","Fri","17:58","female",20,"student","rice",370,25.5,0
485,"2026/04/17","Fri","13:43","male",29,"staff","rice",340,25.5,0
486,"2026/04/17","Fri","11:41","male",19,"student","rice",340,25.5,0
487,"2026/04/17","Fri","10:03","male",21,"student","set",380,25.5,0
488,"2026/04/17","Fri","12:33","male",25,"staff","set",410,25.5,0
489,"2026/04/17","Fri","14:04","male",24,"student","set",380,25.5,0
490,"2026/04/17","Fri","12:56","female",25,"staff","rice",370,25.5,0
491,"2026/04/17","Fri","12:41","male",21,"student","rice",350,25.5,0
492,"2026/04/17","Fri","12:42","female",22,"student","set",360,25.5,0
493,"2026/04/17","Fri","10:54","male",20,"student","set",320,25.5,0
494,"2026/04/17","Fri","12:40","male",20,"student","set",330,25.5,0
495,"2026/04/17","Fri","10:32","female",29,"staff","set",370,25.5,0
496,"2026/04/17","Fri","14:04","male",19,"student","rice",400,25.5,0
497,"2026/04/17","Fri","11:54","male",20,"student","set",370,25.5,0
498,"2026/04/17","Fri","11:59","male",19,"student","rice",370,25.5,0
499,"2026/04/17","Fri","17:38","male",21,"student","rice",400,25.5,0
500,"2026/04/17","Fri","17:24","male",20,"student","set",370,25.5,0
501,"2026/04/17","Fri","14:20","female",20,"student","rice",280,25.5,0
502,"2026/04/17","Fri","12:07","male",25,"staff","rice",370,25.5,0
503,"2026/04/17","Fri","14:33","male",20,"student","rice",410,25.5,0
504,"2026/04/17","Fri","17:42","male",23,"student","rice",380,25.5,0
505,"2026/04/17","Fri","12:12","male",23,"student","set",380,25.5,0
506,"2026/04/17","Fri","12:36","male",21,"student","set",400,25.5,0
507,"2026/04/17","Fri","12:31","female",24,"student","rice",320,25.5,0
508,"2026/04/17","Fri","10:38","male",21,"student","set",400,25.5,0
509,"2026/04/17","Fri","17:07","male",20,"student","rice",310,25.5,0
510,"2026/04/17","Fri","12:09","female",22,"student","rice",320,25.5,0
511,"2026/04/17","Fri","11:22","male",20,"student","rice",340,25.5,0
512,"2026/04/17","Fri","17:52","male",21,"student","set",360,25.5,0
